product_id,product_name
1,chocolate sandwich cookies
2,all-seasons salt
3,robust golden unsweetened oolong tea
4,smart ones classic favorites mini rigatoni with vodka cream sauce
5,green chile anytime sauce
6,dry nose oil
7,pure coconut water with orange
8,cut russet potatoes steam n' mash
9,light strawberry blueberry yogurt
10,sparkling orange juice & prickly pear beverage
11,peach mango juice
12,chocolate fudge layer cake
13,saline nasal mist
14,fresh scent dishwasher cleaner
15,overnight diapers size 6
16,mint chocolate flavored syrup
17,rendered duck fat
18,pizza for one suprema  frozen pizza
19,gluten free quinoa three cheese & mushroom blend
20,pomegranate cranberry & aloe vera enrich drink
21,small & medium dental dog treats
22,fresh breath oral rinse mild mint
23,organic turkey burgers
24,tri-vi-sol√¢¬Æ vitamins a-c-and d supplement drops for infants
25,salted caramel lean protein & fiber bar
26,fancy feast trout feast flaked wet cat food
27,complete spring water foaming antibacterial hand wash
28,wheat chex cereal
29,fresh cut golden sweet no salt added whole kernel corn
30,"three cheese ziti, marinara with meatballs"
31,white pearl onions
32,nacho cheese white bean chips
33,organic spaghetti style pasta
34,peanut butter cereal
35,italian herb porcini mushrooms chicken sausage
36,traditional lasagna with meat sauce savory italian recipes
37,noodle soup mix with chicken broth
39,daily tangerine citrus flavored beverage
40,beef hot links beef smoked sausage with chile peppers
41,organic sourdough einkorn crackers rosemary
42,biotin 1000 mcg
43,organic clementines
44,sparkling raspberry seltzer
45,european cucumber
46,raisin cinnamon bagels 5 count
47,onion flavor organic roasted seaweed snack
48,"school glue, washable, no run"
49,vegetarian grain meat sausages italian - 4 ct
50,pumpkin muffin mix
51,sa extra hold mousse hair styling
52,mirabelle brut rose
53,whole leaf pure aloe with lemon juice
54,24/7 performance cat litter
55,lasting color shampoo
56,healthy pop butter popcorn
57,flat toothpicks
58,whole wheat tortillas
59,medium taqueria style chipotle salsa
60,cheesy creations roasted garlic parmesan sauce
61,ramen noodles soup chicken mushroom flavor
62,premium deli oven roasted turkey breast
63,banana & sweet potato organic teething wafers
64,autumn vegetable & turkey dinner with lil' bits purees dinner
65,organic red wine & olive oil dressing organic
66,european style spring mix
67,"jelly, blackberry"
68,"pancake mix, buttermilk"
69,vanilla with almond milk iced coffee
70,sweet cooking rice seasoning
71,ultra 7 inch polypropylene traditional plates
73,jasmine tea unfiltered ginger ale
74,artisan chick'n & apple sausage
75,"hemp protein, organic"
76,spinach basil garlic linguini
77,coconut chocolate chip energy bar
78,nutter butter cookie bites go-pak
79,wild albacore tuna no salt added
80,french  tarragon wine vinegar
81,blakes chicken parmesan dinner
82,all natural 100% apple juice
83,100% whole wheat pita bread
84,lamb shank
85,soppressata piccante
86,"camilia, single liquid doses"
87,classics earl grey tea
88,probiotics high potency capsules
89,yogurt fruit dip sliced apples
90,smorz cereal
91,kind prenatal once daily
92,meat in the middle large rawhide chews
93,uncured cracked pepper beef
94,organic blueberry blitz fruit & veggie smoothie mashups
95,organic rice vinegar
96,sprinklez confetti fun organic toppings
97,organic chamomile lemon tea
98,2% yellow american cheese
99,local living butter lettuce
100,peanut butter & strawberry jam sandwich
101,"bread, healthy whole grain"
102,danish butter cookies
103,sprouted kale cracker
104,high fiber tomato basil soup
105,"easy grab 9\x13\"" oblong glass bakeware"""
106,organic yummy tummy maple & brown sugar instant oatmeal
107,mild salsa divino
108,organic sprouted barley bread
109,grape leaf hummus wrap
111,"fabric softener, geranium scent"
112,hot tomatillo salsa
113,infant's blend probiotic
114,light savory beef barley vegetable soup
115,scooby-doo! fruit flavored snacks
116,english muffins
117,petit suisse fruit
118,ground turkey chub
119,chardonnay paso robles
120,cauliflower florettes
121,sharp cheddar
122,pomegranate molasses
123,sherry reserve vinegar
124,sun cups dark chocolate
125,herbal armor deet-free natural insect repellant
126,hot & spicy chicken flavor ramen noodles
127,marscapone
128,organic wild blueberries
129,traditional chicken & orzo with lemon soup
130,vanilla milk chocolate almond ice cream bars multi-pack
131,brioche bachelor loaf
132,yogurt strawberry pomegranate
133,purifying daily detox scrub
134,stain release boost in-wash stain remover pacs
135,dark chocolate ice cream topping
136,simple
137,very vanilla soymilk
138,olli napoli salami
139,"zita cut, no. 118"
140,chips onion chipotle garlic
141,restaurant style organic chia & quinoa tortilla chips
142,arugula salad
143,organic lemons
144,coarse grind garlic powder & parsley blend
145,traditional water crackers
146,anti diarrheal caplets
147,organic ranch veggie dip
148,nectarines
149,wild blueberry all natural fruit spread
150,brut ros√£¬©
151,aromatherapaes stress reducing lavender & chamomile spa bath
152,"3 in 1 soap for every man, cucumber & lemon"
153,"fabric refresher meadows & rain air freshener (1 count, 27 oz)  air care"
154,"corn dogs, mini, honey crunchy flavor"
155,artisan ciabatta
156,extra spearmint sugar-free gum
157,living organic cilantro
158,smoked ham & oven roasted turkey sub sandwich kit
159,"calcium adult gummy vitamins, orange cherry & strawberry"
160,100% recycled aluminum foil
161,hacho miso aged & fermented soybeans
162,organic mini homestyle waffles
163,dressing bleu cheese
164,peanut butter cacao quinoa clusters
165,wild chanterelle mushroom ravioli
166,garlic parmesan pita bread chips
167,sparkling blush grape juice
168,halves & pieces walnuts
169,extra sharp cheddar cheese
170,single herbs ginkgo leaf dietary supplement
171,steakhouse onion burger with garlic seasoning
172,gluten free all natural chocolate chip cookies
173,habanero lime shrimp flavor ramen noodle soup
174,vanishing acne treatment cream
175,t bone steak
176,original turkey
177,citrus terere yerba mate
178,vegan santa fe style flour tortilla rolled tacos
179,penne rigate with spinach
180,simply beyond black bean tortilla chips
181,country style baked beans
182,acti-fresh body shape long unscented to go panty liners
183,cookie dough performance energy
184,kisses milk chocolate candy
185,chicken nugget meal
186,fresh scent dishwasher detergent with dawn
187,wild sardines in marinara sauce
188,mild el nino salsa
189,healthfull nuts & seeds bread
190,classic culinary low sodium vegetable broth
191,medium spicy butter chicken simmer sauce
192,israeli style gefilte fish
193,fruitwater√¢¬Æ strawberry kiwi sparkling water
194,lamb rib chops
195,grade a pasteurized 2% milkfat lowfat cottage cheese with pineapple
196,soda
197,cold brew coffee tahitian vanilla
198,tzatziki cucumber sauce
199,herb thyme clamshell
200,radiant pantiliners regular wrapped unscented
201,sloppy joe
202,spinach & feta pierogi
203,"rescue remedy, spray"
204,free & clear natural laundry detergent for sensitive skin
205,chocolate mint cookie crunch nutrition bar
206,roasted vegetable souffl√£¬©
207,minis candy bars
208,vanilla almond cashew almondmilk cashewmilk blend
209,italian pasta salad
210,homemade hot arrabbiata fra diavolo sauce
211,gluten free organic cereal coconut maple vanilla
212,organic blue corn sea salt tortilla chips
213,tapatio salsa picante hot sauce tortilla chips
214,argan oil of morocco renewing weightless healing dry oil hair oil
215,sambal oelek ground fresh chili paste
216,"gluten free oatmeal, variety pack"
217,"string cheese, mozzarella"
218,"6\ organic carrot cake"""
219,totz toothbrush extra soft 18+ months
220,tegaderm waterproof transparent dressing
221,cayenne lemonade made with raw tristate honey
222,honey nut oatmeal squares
223,kiwi strawberry sparkling water
224,foaming hand soap kid watermelon
225,3 seed blue corn dipping chips
226,shaved parmesan cheese
227,triple chocolate snack size
228,organic soups lentil
229,econet recycled bath sponge
230,vanilla cream soda
231,low sodium turkey
232,blue bottle coffee frozen bar
233,chinese breakfast black tea
234,tennessee whiskey
235,gluten free blueberry muffin mix
236,chicken meatballs dog treats
237,brambleberry herbal tea
238,alpha-bits multigrain cereal
239,chicharrones picante flavor pork rinds
240,nature's seasons seasoning blend
241,shrimp with pasta & vegetables
242,original red twists
243,taco reduced sodium seasoning mix
244,organic roasted garlic pasta sauce
245,poppy seed bagels
246,triple-acting laundry stain remover
247,perfectly thymed pita crisps baked
248,dried sweetened cranberries
249,"pinot grigio, california, 2010"
250,"authentic deep dish, spinach & garlic pizza"
251,extra strength melatonin adult gummies
252,"waffles, red berry"
253,organic vegetable greens & greens juice blend
254,honey mustard
255,"cold remedy, quick dissolve tablets, cherry flavor"
256,island fruits fruit snacks
257,key lime soda
258,vegetable pot pie
259,imported italian solid light tuna in pure olive oil
260,cantaloupe
261,organic southwestern burrito
262,petite dill pickles
263,red food color
264,non-fat blueberry on the bottom greek yogurt
265,glass storage container with green silicone protection
266,rio berry
267,triple chocolate ripple
268,sponge mop
269,stuffed crust five cheese pizza
270,onezip storage bags quart size value pack
271,tai pei      14oz.sweet & sour chkn
272,propolis herbal supplement
273,thin stackers brown rice  salt free
274,snack bags
275,caramel sauce
276,french vanilla ice cream
277,diet root beer
278,instant mashed potatoes
279,everyday detox dandelion tea
280,makeup remover cleansing towelettes
281,chai tea bags
282,oh my cod! cod pate and vegetables cat food
283,organic whole wheat elbows
284,organic spicy heirloom marinara sauce
285,mini nilla wafers munch pack
286,lite poppy seed dressing lite
287,turkey
288,original sprouted grains protein & fiber hot oatmeal
289,100% juice no sugar added fruit punch
290,organic peppermint lemonade
291,mint dental floss
292,fresh multi-purpose contact lens solution
293,prime filets chicken & tuna dinner in gravy cat food
294,minis original saltine crackers
295,chewables extra strength cherry creme - 48 ct
296,for men odor armor body wash
298,brisk with lemon iced tea
299,organic apple spinach kale coconut water superjuice
300,organic enriched unbleached white flour
301,"biotin 10,000mcg maximum strength"
302,gourmet dog treats bone
303,"candy, original"
304,dry roasted pistachios
305,wild forest raw neem honey
306,gold potatoes
307,precious mozzarella cheese
308,advanced haircare color vibrancy nourishing shampoo
309,graduates lil' entrees spiral pasta in turkey meat sauce with green & yellow beans
310,"crackers, puffed, corn, quinoa & sesame"
311,naturals savory turkey breakfast sausage
312,juicing carrots
313,peppermint/banana split variety pack frozen dairy dessert cones
314,extra whitening multi-benefit fluoride toothpaste
315,creamy italian dressing marinade
316,revive anti-perspirant deodorant
317,best grains honey & crunch oat bread
318,apple cinnamon crisp candle
319,steamfresh chef's favorites lightly sauced roasted red potatoes & green beans
320,"glycerine soap, pure and natural, cucumber"
321,echinacea goldenseal alcohol free extract
322,brooklyn pizza dough
323,natural food color packets
324,strong & kind roasted jalapeno almond protein bar
325,veggie-style mini corn dogs
326,deluxe sauce made with 2% milk cheese macaroni & cheese dinner
327,"green peas, organic, petite"
328,disinfectant spray cherry blossom & pomegranate scent
329,organic whole grassmilk milk
330,chilpotles in adobo sauce
331,organic lemon gingersnap
332,raspberry fig bars
333,basil daly bar soap
334,sparkling raspberry lemonade water beverage
335,blueberry kombucha
336,black currant kombucha
337,"soap, pure-castile, 18-in-1 hemp, lavender"
338,yahrzeit light memorial candle
339,creamline yogurt wild blueberry
340,eco-pac kamut puffs cereal
341,cheese creations four cheese cheese sauce
342,"complete health deboned chicken, chicken meal and rice cat food"
343,organic whole peeled baby carrots
344,lime sherbet
345,extra strength berry
346,sunflower bread
347,"vegetable salad kit, sweet kale"
348,super slimming herbal tea
349,organic granulated tapioca
350,mixed 12 pack lion's share ale
351,go fresh nutrium moisture body wash blue fig & orange blossom scent
352,colby jack & mild cheddar combo pack
353,tzatziki greek yogurt dip
354,twist n loc small round containers + lids
355,ground flaxseed with mixed berries
356,ristorante pizza spinaci thin crust pizza
357,white writing gel
358,frozen all butter pound cake
359,deli thin-sliced honey ham
360,whole wheat spanakopita
361,day and night multi-symptom and severe cold & cough pain reliever/fever reducer
362,pound cake cake mix
363,water crackers original all natural
364,greener selection salad
365,cheerios cereal
366,vitamin c 1000 mg tropical drink mix dietary supplement
367,ultimate omega 1000 mg lemon soft gels
368,fabric softener dryer sheet free & gentle 200ct fabric enhancers
369,new mexico chili
370,chocolate caramel whey protein bar
371,juniper berry soda
372,moisture rich sweet orange & argan conditioner
373,honey glazed carrots
374,sliced kosher salami
375,multigrain spaghetti style pasta
376,even & bright pink lemon and mandarin orange body wash
377,chunky beef with vegetables & brown rice dog food
378,powerball quantum max shine & protect automatic dishwasher detergent
379,super dry beer
380,clementine bag
381,toaster pops strawberry
382,sugar free mint patties
383,breaded chicken breast tenders
384,evercurl hydracharge conditioner
385,liquid drink mix blackberry lemonade
386,real chicken & veggies recipe dog food
387,chocolate brownie flavor protein bar
388,stove top stuffing mix for turkey
389,mache blend
390,super enzymes
391,organic yukon gold potato bag
392,opa greek yogurt ranch dressing
393,phoenix anti-perspirant & deodorant stick twin pack
394,aquaphor healing ointment
395,sweet cream buttermilk powder
396,cashews natural unsalted
397,pure granulated cane sugar
398,organic hard candy blood orange and honey
399,organic strawberry lemon-ade
400,grass-fed yogurt blueberry cardamom
401,"flat floss, antiplaque, naturally waxed, spearmint"
402,100% pure beef homestyle patties
403,ultra thin pastrami
404,reg; organic apple cider vinegar 16 fl oz
405,100% organic diced tomatoes
406,vanilla almond protein bar
407,almond glow almond body lotion/massage oil
408,pink vitamin c 1000 mg pink lemonade drink mix
409,original bite size candies natural & artificial flavors fun size
410,holiday sugar plum spice herbal tea
411,super plus cardboard applicator unscented tampons
412,brazilian keratin & argan oil leave-in conditioning & styling elixir
413,dual action beta immune and anti-oxidant effervescent citrus
414,gluten free chicken rustica pizza
415,16 oz cold cups
416,laundry soil stain remover
418,whole grain linguine pasta
419,light & fit strawberry cheesecake greek nonfat yogurt
420,international cafe french vanilla mix
421,garlic & herb fresh goat cheese
422,mix-up flamin' hot & cheezy mix flavored snack mix
423,red jalapeno caesar dressing
424,linguine pasta
425,sardines in water salt added
426,2nd foods bananas
427,italian style panko breadcrumbs
428,everyday mega pack paper plates
429,dark red kidney beans
430,born yesterday pale ale
431,"ice cream, cookies & cream"
432,vanilla almond breeze almond milk
433,organic whole granulation roasted buckwheat groats
434,beach sage liquid fabric softener
435,dark chocolate raisins
436,petite brussels sprouts
438,special k vanilla cappuccino protein breakfast shakes
439,crispy cinnamon pear chips
441,antioxidant cranberry body wash
442,sliced chicken entree cat food
443,ultra power plus laundry detergent 54 loads
444,special recipe italian bread
445,almond honey protein+ bar
446,blueberry pomegranate aca√£¬≠ cultured goat milk kefir
447,"tea, superflower, hibiscus, blueberry, caffeine-free, bags"
448,white chicken chili
449,chips ahoy! chewy cookies
450,chow mein thin noodles
451,"almond spread, dark chocolate"
452,sleepytime sinus soother herbal tea
453,hummus wrap
454,sloppy joe sauce
455,ibuprofen liquid gels
456,sparkling blueberry
457,whole wheat fig bar
458,total advanced floss tip medium toothbrush
459,honey vanilla greek yogurt
460,acai dragonfruit melon green tea
461,sore throat wild cherry lozenges
462,fiber 4g gummy dietary supplement
463,salt free seasoning
464,liquid water enhancer peach green tea with ginseng & honey
465,100% natural just peaches
466,old fashioned vegetable beef soup
467,"soup, lower sodium, organic, split pea"
468,kabocha squash
469,whipping cream
470,lite beer
471,half 'n half lemonade tea
473,plastic measuring cups
474,lavender body wash
475,organic reposado tequila
476,chub mackerel
477,naturally aged cheddar cheese block hot habanero
478,organic pitted kalamata olives
479,most wanted cabernet sauvignon red wine
480,slow churned mint chocolate chip ice cream
481,black peppercorns
482,"gentle clean foaming face cleanser, 6.7 fl oz female skin care"
483,"\constant comment\"" decaffeinated black tea blend"""
484,plain greek goat yogurt
485,country stew choice cuts in gravy dog food
486,lowfat raspberry kefir probiotic cultured milk smoothie
487,"can/bottle opener, chrome"
488,organic orange turmeric juice
489,dough for turnover pastries
490,gin gins candy
492,"couscous, israeli, garlic jalapeno"
493,pear and blueberry baby breakfast
494,yellow cherry tomato
495,pure cane granulated w/spout sugar
496,designer 9 oz. paper cups
497,mascarpone pistachio caramel gelato
498,daily moisture shampoo
499,aspirin 325 mg
500,non-scratch scrub sponges
501,proactive health mature adult hairball care cat food
502,"frozen desserts, fit, salted caramel"
503,wild rice blend
504,velveeta shells & cheese bold jalapeno
505,100% natural string cheese mozzarella cheese
506,arrowroot powder
507,tikka masala curry sauce
508,freeze-dried edamame veggie snack
509,starting solids carrots organic baby food
510,protein blend honey oats & seeds cereal
511,lecithin granules non-gmo
512,multigrain pop cakes
513,honey maid graham cracker crumbs
514,freezer safe pint jars wide mouth
515,organic lowfat pomegranate acai kefir probiotic cultured milk smoothie
516,american cheese slices
517,french rolls
518,turkey meatloaf & mashed potatoes
519,antioxidant infusions brasilia blueberry
520,sweet & smokey kansas city bbq sauce
521,daily shower cleaner ylang ylang
522,coffee liqueur
523,biotin & collagen shampoo
524,in gravy with carrots peas & corn mashed potatoes & meatloaf nuggets
525,good & clean gentle acne wash
526,alcohol free maple flavor
527,invigorating face wash men
528,tasty treasures cat food variety pack
529,essentials foaming facial cleanser
530,7up
531,adult dog formula dog food
532,unsalted pretzel round
533,stuffed pasta shells
534,"tomato paste with basil, oregano & garlic flavor"
535,rescue remedy
536,belgian waffles
537,kosher dill babies
538,take alongs twist & seal liquid storage
539,tri color tortilla strips
540,beef strips portabella complete meals
541,with dawn action pacs fresh scent dishwasher detergent pacs
542,medium to firm hold hair styling foam
543,rice & bean snack chips with adzuki beans chipotle cheese
544,classic original hummus
545,creamy danish blue cheese wedge
546,tomatillo salsa
547,1000 roses floral toner for sensitive skin
548,hi-chew strawberry fruit
549,cranberry almond fruit clusters dried cranberries
550,"granola, veritas, organic"
551,"riesling, mosel, 2014"
552,organic mango peach carrot kickstart smoothie
553,bbq concentrate & marinade sauce
554,turkey chili
555,even the kitchen sink kitchen & bath scrubber
557,red seedless grapes imported
558,organic raw almond butter
559,cookie chips crunchy dark chocolate chocolate chip cookies
560,tea temples green tea with mint
561,smoke roasted wild sockeye asian sesame salmon
563,pure moringa vegetable powder
564,embrace sensitive women's 5 blade disposable razors
565,light and fluffy  blueberry pancake mix
566,organic thin sliced 100% whole wheat bread
567,malbec red wine
568,artisan style melts quattro formaggi pizza
569,golden cupcakes 8 pack
570,white chicken chili with beans pouch
571,thin & crispy crust pepperoni pizza
572,brown bobby pins
573,red roses
574,crunch vanilla sugar mini cookies
575,organic medium yellow thai curry
576,vanilla sugar cookies
577,liqui-gels softgels dye-free allergy
578,"10\ bamboo skewers"""
579,stain odor eliminator detergent
580,washington state merlot
581,garnet sweet potato (yam)
582,lite whipped topping
583,vanilla incense of auroville
584,organic blueberry pomegranate whole milk yogurt
585,pretzel thins parmesan herb crackers
586,geranium daily bar soap
587,air effects gain island fresh
588,special k original cereal
589,salsa roja
590,almonds roasted and salted
591,oreo cookies and cream chocolate frozen dairy dessert
592,spongebob shapes macaroni & cheese dinner
593,"linguine, no. 6"
594,gluten free peanut butter berry  chewy with a crunch granola bars
595,injera flat bread
596,dailyfoods vitamin d-3 2000 iu
597,chicken & brown rice formula cat food
598,cabernet sauvignon california
599,floor care tile & vinyl floor finish clean scent
600,thick & zesty spaghetti sauce mix
601,organic crunchy slaw americana salad
602,banana chocolate chip
603,nasaflo neti pot sinus relief with premixed
604,cookie sheets
605,natural liquid laundry detergent - blue eucalyptus and lavender
606,salted caramel ice cream
607,goober strawberry
608,sparkling lemon seltzer water
609,clarified lime juice
610,mac & cheezy ravioli for kids
611,uncured hard salami
612,"rice, extra long grain, enriched"
613,"infinity always infinity size 2 super pads with wings, unscented, 16 ct feminine care"
615,supreme pretzel crackers
616,silken tofu
617,organic mozzarella
618,apple sparkling juice beverage
619,spanish peanuts
620,norwegian salmon oil omega-3s epa & dha dietary supplement soft gels 1000 mg
621,98% fat free cream of chicken soup
622,fudge brownies with english walnuts
623,fun size snacks
625,"chicken breast nuggets, dinosaur shaped"
626,organic hearty garden vegetable soup
627,low fat honey graham crackers
628,fresh oj
629,probiotics women 50 & wiser vegetarian capsules
630,snack size candy
631,original puffcorn
632,satin care sensitive skin shave gel
633,coconut milk creamer barista style original
634,organic california blend
635,little bites snickerdoodle muffins
636,red raspberry jam
637,multigrain peanut butter cereal
638,won ton wrappers
639,green berry rush juice drink
640,spicy tomato & basil pasta sauce
641,cheddar cheese curds
642,three cheese ravioli
643,"kidney beans, dark, premium"
644,organic southwestern vegetable soup
645,"prenatal one, tablets"
646,organic fruit punch
647,melanie medleys vegetable cream cheese
648,elbow macaroni
649,classic coke
650,pop'n hot! vegan broccoli poppers
651,organic salted butter
652,garden strawberry fruit spread
653,"flax, oat bran & whole wheat flour tortillas"
654,ultra thin super long with wings pads
655,fettucine paglia & fieno enriched egg pasta
656,biotin super strength 7500 mcg tablets
657,"nutrition bar, raw organic, pineapple almond + raw protein"
658,keebler sandies cashew 12.8 oz
659,zero strawberry lemon
660,foldit flatbreads artisan rosemary & olive oil
661,sweet lemon rain dance bar
662,ultra concentrated antibacterial hand soap lemon scent dishwashing liquid
663,pico de gallo
664,cream style corn
665,imitation crabmeat
666,whole wheat loaves
667,"automatic dish packs, lemon verbena scent"
668,chicken liver pat√£¬© canned cat food
669,the santa cruz burrito
670,"coconut drink, vanilla"
671,vegan shells & creamy sauce mac & cheese macaroni & cheese organic
672,double berry cheesecake
673,chicken base
674,sponge blossoms
675,"thin cakes, puffed multigrain"
676,sunset blush
677,peach aloe vera drink
678,original minis pretzel chips
679,awesome strength paper towels
680,acne dote clean 'n treat towellettes
681,whole wheat mini toasts
682,cruisers diapers jumbo pack - size 5
683,town house sea salt & olive oil flatbread crisps
684,organic elmo vegetable soup
685,organic porcini mushroom risotto
686,tea tree + sea buckthorn calming shampoo
687,cocktail time hummus
688,sausage gravy & biscuit
689,"antibacterial, pomegranate & tangerine hand soap with moisturizer"
691,organic promise strawberry fields cereal
692,skirt steak
693,tropical brain toniq
694,greek & chia blood orange yogurt
695,diet dr pepper bottles
696,tea tree replenishing shampoo
697,quick cooking steel cut oats
698,baby's mineral lotion spf 50
699,sugo rosa pasta sauce
700,jet fuel dark roast whole bean coffee
701,blueberry blast bar
702,cheese spread port wine
703,traditional no fat refried beans
704,outlast xtend clean lavender invisible solid
705,fajita flour tortillas
706,furniture polish lemon scent
707,xyliwhite platinum mint toothpaste gel
708,unscented regular sleek tampons
709,soft eating mango flavor liquorice
710,garlic barrel pickles
711,vegetarian brown  gravy mix
712,direct trade el diablo dark roast whole bean coffee
713,pink moscato california
714,breakfast blend light roast k-cup packs
715,vitamin c formula 1000 mg vegetarian tablets
716,mouthwash clean mint listerine√¢¬Æ zero√¢?¬¢
717,sweeper open window fresh scent wet mopping cloths refill
718,traditional chicken tuscany soup
719,scars cream + spf 30
720,artisan spiced pecan turtle ice cream
721,sweet chai of mine chai tea bags
722,snack sticks chicken & rice recipe dog treats
723,movie theater butter pop corn
724,pods spring meadow detergent + stain remover + brightener
725,ceylon cinnamon
726,gluten-free boom chicka pop sweet & spicy popcorn
727,he turbo powder original  laundry detergent
728,"wraps, turmeric"
729,superfood bar goji acai organic
730,restorative biotin conditioner
731,wild mushroom vegetarian quarter loaf
732,lemon fresh multi surface cleaner
733,cinnamon pop'ettes
734,salame all natural uncured pepperoni
735,four cheese pizza frozen sandwiches
736,"beer, ipa"
737,100% whole wheat flour burrito tortillas
738,almond breeze unsweetened almond coconut milk blend
739,gourmet australian style liquorice
740,celery heart
741,bean threads
742,organic raw coconut aminos
743,pepperoni party pizza
744,organic four bean feast baby food
745,complete funfetti buttermilk pancake & waffle mix
746,honeydew hawaiian shampoo
747,xylitol sweetener
748,romaine
749,dark chocolate bar 68% cacao
750,marble cake slice
751,clean day countertop spray
752,tomatillos tomatoes
753,milk chocolate toffee bits
754,hydro silk women's sensitive skin refill blades
755,skim milk sharp cheddar cheese singles
756,malt vinegar & sea salt kettle cooked potato chips
757,premium deli hard salami
758,no sugar added the original fudge pops
759,pain reliever and fever reducer cherry infant drops
760,cracker trio selected favorites
761,tidy cats 4-in-1 strength cat litter
762,100% columbian coffee
763,lemonade flavor drink mix
764,classic butter microwave popcorn
765,swaddlers diapers jumbo pack size newborn
766,refried beans vegetarian
767,organic fiber fruit blend
769,sliced american cheese
770,preference fade-defying color + shine system 9.5nb lightest natural blonde
771,butter flavor pan popcorn
772,deluxe white cheddar & bacon macaroni & cheese dinner
773,double control small roach baits insecticide
774,organic 100% whole wheat rigatoni
775,organic dried cranberries
776,fruit salad gummi candy
777,teensy fruits baby fruit snacks berry
778,all natural homestyle california lemon limeade
779,cat treats hair ball control chicken
780,breadstick
781,organic shredded mild cheddar
782,"85% lean, 15% fat ground turkey (013021)"
783,mega mag
784,organic vegetable tray
785,get lost weight loss tea
786,thick gel toilet bowl cleaner
787,coconut lime lip balm
788,xxx acai blueberry pomegranate
789,ultimate absorbency regular length
790,garbanzo beans
791,creamy chocolate sugar free powder coffee creamer
792,organic pasteurized apple juice
793,organic spinach quinoa powermeal bowl
794,pad thai rice noodles
795,"organic fuel, high protein milk shake, vanilla"
796,chocolate reese's peanut butter cup creme oreo
797,unstopables downy unstopables dreams in-wash scent booster fabric enhancer 13.2oz fabric enhancers
798,mega shower foamer with ultra cling trigger
799,fresh cut specialties cut golden wax beans
800,organic classic caraway kraut
801,advanced care skin renew anti-perspirant deodorant
802,organic super berry juice
803,heirloom boysenberries
805,vitamin d3 1000 i.u vegetable capsules
806,100% cranberry juice blend
807,for chicken marinade
808,wild raspberry hibiscus caffiene free herbal tea bags
809,bolani pumpkin filled flatbread
810,organic honey mustard
811,chocolate decorating cookie icing
812,healthy grains oats & honey clusters with toasted coconut gluten free
813,spinach pesto
814,trix cotton candy yogurt
815,orange flavored sports drink
816,calcium lime & rust remover
817,3rd foods chicken noodle dinner
818,micro craft beer
819,totality multi-symptom relief
820,vanilla almond butter squeeze
821,cranberry urinary tract health
822,spicy jalapeno ranch popcorn
823,refreshing ocean breeze body wash
824,flourless chocolate truffle cake
825,cream cleanser for normal to dry skin
826,original no-stick cooking spray
827,albacore chunk white tuna in water
828,euro sponge cloths
829,compleats good mornings bacon breakfast scramble
830,skinny wheat buns
831,all natural premium cornish hen
832,high protein chocolate light milk shake
833,hearts assortment
834,single classic canned meat
835,lemon verbena bar soap
836,sliced onion bagels
837,california merlot
838,"goat cheese, spreadable, breakfast, fig"
839,glass bottles
840,coco joe pumpkin seeds
841,thick cut italian 7-herb blend crispbreads
842,sugar free fruit juicy red drink mix
843,mountain stream fabric softener
844,polska kielbasa
845,nyquil severe cold & flu
846,apple green cups
847,gluten free sugar cookie mix
848,"cat food, premium, adult cat formula"
849,blueberry & banana tiny fruits freeze dried snacks
850,crunchy & soft taco dinner kit
851,chile con queso potato crisps
852,light string cheese
853,crunchy granola bars variety pack
854,traditional red miso
855,clamato chelada beer
856,asiago cheese bread
857,grilled asparagus
858,"pomegranate coconut sparkling probiotic drink, organic"
859,2-ply everyday napkins
860,chicago steak & chop cracked pepper & garlic blend
861,every woman multivitamin
862,unsweetened original organic soy non-dairy beverage
863,artihearts fresh grilled artichokes
864,stainless steel strainer
865,automatic toilet bowl cleaner bleach & blue rain clean scent pack
866,flavor & fiber banana walnut bar
867,no wax floss classic 490
868,cleanse & replenish 2-in-1 shampoo
869,organic mango mania zfruit and veggie rope
870,just fruit salad
871,rose & apricot hair milk
872,power greens
873,graduates lil' meals spaghetti rings in meat sauce
874,cherry pie
875,ginger berry kombucha
876,vitamin b6 100 mg
877,ultra-filtered whole milk
878,moisturizing lavender body wash
879,baby dry diapers size 4
880,organic smooth move chamomile laxative tea bags
881,heavy duty scrub sponges
882,fingerling potato
883,peanut butter chocolate chip bar
884,dried parsley flakes
885,lunchmakers pizza pepperoni with nestle crunch bar
886,whole grain salad with roasted pecans & mango vinaigrette
887,creamy supreme buttercream frosting
888,clean freak refreshing dry shampoo
889,oatnut bread
890,organic diced tomatoes
892,white tea lavender probiotic kefir water no. 2
893,"vitamin e oil 45,000 iu"
894,greek 100 calories vanilla fat free yogurt
895,yokids squeeze organic blueberry blue yogurt
896,children's bubblegum flavor suspension
897,pearl active duopack tampons
898,saucy ginger mandarin dressing
899,colby jack cheese slices
900,"fava crisps, santa barbara ranch"
901,dark chocolate peanut candy
902,"baked rice crisps, sour cream & wasabi, medium"
903,gluten free sugar cones
904,"tofu, gluten free, garlic pepper"
905,fish oil with vitamin d 1000mg
906,chamomilla 30 c
907,premium sliced bacon
908,onion & herb salt-free seasoning blend
909,calcium magnesium citrate plus vitamin d3 natural mixed berry flavor
910,nutri-grain harvest hearty breakfast bars country strawberry
911,"protein shake, organic, banana creme"
912,mushroom stems & pieces in water
913,dry pasta lasagne
914,"cold & cough formula, effervescent tablets, citrus"
915,ultra soft & strong double roll bath tissue
916,majestic roast ground coffee
917,all time great's candy assortment
918,light brie soft-ripened cheese mini-wheel
919,apricot fruit roll
920,coconut yogurt
921,black salt caramel dark chocolate bar
922,chipotle & roasted garlic seasoning
923,country fresh old fashioned horseradish
924,2 in 1 laundry detergent
925,southern style diced hash brown potatoes
926,crispy thin crust white pizza
927,"cabernet sauvignon, central coast, 2011"
928,chunky classic chicken noodle soup
929,new england clam chowder condensed soup
930,ultraclean√¢?¬¢ cool mint ultraclean√¢?¬¢
931,lash discovery waterproof mascara - very black
932,vegetable pie in a pocket sandwich
933,roarin' waters wild cherry water beverage
934,mini pre-sliced blueberry bagels
935,premium apple juice
936,butterfinger smooth & crunchy peanut butter cups
937,buffalo style chicken strips
938,"disinfectant spray, crisp linen scent"
939,annie's bunny fruit snacks variety
940,bathroom tissue
941,smoked atlantic nova salmon
942,echinacea & elderberry organic herbal tea
943,magnesium citrate caplets
944,vanilla orange swirl ice cream
945,fruit punch juice drink
946,seasonal oikos greek yogurt
947,cracker crunchers bologna with nestle butterfinger bar lunchmakers
948,superior spot & film protection jet-dry dishwasher rinse aid
949,sensitive shave gel with aloe
950,toll house ultimate chocolate peanut butter deluxe cookie dough
951,vitamin d3 cholecalciferol softgels
952,"flaxseed meal, whole ground"
953,plain fat free yogurt
954,simple white down east crackers
955,cheddar chex mix
956,shampoo baby shampoo
957,key lime moisture shave
958,almond extract
959,chicken & vegetable stir fry caf√£¬© steamers
960,villager ipa
961,grape sunflower butter sunwiches
962,organic roasted garlic vinaigrette dressing organic
963,unsalted beef broth
964,toothpicks
965,maxtra cartridge water filter refills
966,pear hard cider
967,gluten free soft & chewy snicker doodle cookies
968,zipper bags sandwich - 50 ct
969,petite green peas
970,salmon and tuna formula dry cat food
971,chicken alfredo with rotini
972,linguine no 7 pasta
973,8 x 6 cutting board
974,organic 54% cocoa dark chocolate bar
975,creamy vanilla soy milk frozen dessert
976,cavity protection regular flavor toothpaste
977,deli spicy brown mustard
978,mallow oats cereals
979,odor control home trash compactor bags 18 gallon
980,automatic toilet bowl cleaner with bleach
981,garlic naan
982,aged gouda cheese
983,strawberry pomegranate
984,cucumber witch hazel with aloe vera
985,peanut butter bars
986,crushed pineapple in 100% juice
987,naturals antiseptic adult mouthwash herbal mint
988,cranberrry  almond soft & chewy granola bar
989,chapatti chicken tikki masala wrap
990,diced pancetta
992,thin crust pepperoni & pesto pizza
993,mild diced tomatoes with green chilis
994,shake n pour buttermilk pancake mix
995,sausage smoked sweet german brand
996,honey cinnamon nut-thins  crackers
997,mini double chocolate ice cream bars
998,hot chopped green chili
999,original organic ville bbq sauce
1000,apricots
1001,unseeded plain rye
1002,all natural stevia liquid extract sweetener
1003,organic turkey bone broth
1004,vitamin e moisture rich shampoo for dry or damaged hair
1005,china green tips green tea
1006,philadelphia cream cheese
1007,baby cookies apple + ginger
1008,red rice crackers
1009,40 watt decorative soft white  light bulb
1010,agar agar powder
1011,cranberry grape cocktail
1012,black tea english breakfast k-cups
1013,poly-vi-sol√¢¬Æ infants and toddlers multivitamin supplement drops
1014,junior juice mixed fruit juice
1015,original herbamare infused sea salt
1016,classic italian grated parmesan
1017,strawberry banana juice